﻿{"cameraMode":{"drawMode":0,"name":"Shaded","section":"Shading Mode"},"sceneLighting":true,"audioPlay":false,"sceneViewState":{"showFog":true,"showMaterialUpdate":false,"showSkybox":true,"showFlares":true,"showImageEffects":true,"showParticleSystems":true,"showVisualEffectGraphs":true,"m_FxEnabled":true},"in2DMode":false,"pivot":{"x":-15.468940734863282,"y":16.983741760253908,"z":13.90719985961914},"rotation":{"x":-0.04880952462553978,"y":0.38021010160446169,"z":-0.020097406581044198,"w":-0.9233942627906799},"size":58.21671676635742,"orthographic":false}